{
  "spawn": {
    "bed": [
      10.8,
      0.80000,
      14.5
    ],
    "pool": [
      10.8,
      0.80000,
      14.5
    ]
  }
}